公司名称,企业标准名,统一社会信用代码,整合后产业链环节,企业类型标签,企业(机构)类型,是否有专利,整合说明,所属城市,所属区县,地级市代码,年鉴省,年鉴市,注册地址,高德返回格式化地址,高德返回省,高德返回市,高德返回区县,adcode,经度,纬度,成立日期,曾用名,经营范围,产业链判定依据,数据来源,专利总量,累计发明申请量,近3年发明申请量,技术领域广度,首次申请年份,最近申请年份,有专利申请年份数,技术持续性,联合申请占比,匹配方式汇总,是否存在人工复核记录,地区生产总值_当年价格_亿元_全市,人均地区生产总值_元_全市,科学技术支出_万元_全市,固定资产投资_万元_全市,常住人口_万人_全市,第三产业占地区生产总值的比重_全市,发明专利授权数_件_全市,国家级高新技术企业数_个_全市,技术合同成交额_万元_全市
深圳联合飞机科技有限公司,深圳联合飞机科技有限公司,914403003116581250,上游,产业运营类,有限责任公司,是,有专利企业，且列入上游候选,深圳市,龙岗区,440300,广东省,深圳市,深圳市龙岗区园山街道大康社区联合飞机大厦2栋厂房101,广东省深圳市龙岗区园山街道大康社区联合飞机大厦,广东省,深圳市,龙岗区,440307.0,114.235163,22.653903,2014-09-23,,一般经营项目：计算机软件技术开发、技术转让、技术咨询、技术服务；计算机智能控制、计算机系统开发；机械设备租赁（不含行政许可的项目）；电子产品、计算机、软件及辅助设备、通讯设备、机械设备的销售；经营进出口业务；自有物业租赁。（法律、行政法规、国务院决定禁止的项目除外，限制的项目须取得许可后方可经营）；汽车零部件及配件制造；工程和技术研究和试验发展；技术服务、技术开发、技术咨询、技术交流、技术转让、技术推广；智能控制系统集成；信息系统集成服务；机械设备租赁；机械设备销售；电子产品销售；计算机软硬件及辅助设备零售；通讯设备修理；通讯设备销售；计算机及通讯设备租赁；机械设备研发；货物进出口；技术进出口；物业管理；非居住房地产租赁；住房租赁；集成电路设计；智能无人飞行器制造；智能无人飞行器销售；电池制造；电池销售；电池零配件生产；电池零配件销售；物联网设备制造；物联网设备销售；微特电机及组件制造；微特电机及组件销售；发电机及发电机组制造；发电机及发电机组销售；电机及其控制系统研发；电机制造；导航、测绘、气象及海洋专用仪器制造；导航、测绘、气象及海洋专用仪器销售；软件开发；电力电子元器件制造；电力电子元器件销售；智能车载设备制造；智能车载设备销售；农业机械制造；农业机械服务；农业机械销售；智能农机装备销售；智能农业管理；农作物病虫害防治服务；林业有害生物防治服务；智能机器人的研发；智能机器人销售；其他电子器件制造；仪器仪表修理。（除依法须经批准的项目外，凭营业执照依法自主开展经营活动）许可经营项目：无人直升机设计、研发、生产、制造；生产、加工计算机软件；仪器仪表维修。测绘服务；民用航空器（发动机、螺旋桨）生产；民用航空器维修；民用航空器零部件设计和生产；通用航空服务；道路机动车辆生产。（依法须经批准的项目，经相关部门批准后方可开展经营活动，具体经营项目以相关部门批准文件或许可证件为准）,集成电路、电子元器件、电池、电机、发动机、螺旋桨,天眼查补录30家,12,12.0,12.0,11.0,2023.0,2024.0,2.0,0.1818,0.0,信用代码直连,是,36802.0,205714.0,4333783.0,,1799.0,62.13,74675.0,25700.0,16055424.0
中天（深圳）低空经济产业投资有限公司,中天（深圳）低空经济产业投资有限公司,91440300MAEF6G4246,上游,投资发展类,,否,仅列入上游候选，当前未匹配到专利,深圳市,,440300,广东省,深圳市,深圳市南山区招商街道花果山社区工业六路4号兴华工业大厦7栋AB座413A-5,广东省深圳市南山区招商街道花果山社区工业六路4号兴华工业大厦7栋A座,广东省,深圳市,南山区,440305.0,113.919219,22.493348,,,航空运营支持服务；运输设备租赁服务；民用航空材料销售；智能无人飞行器销售；技术服务、技术开发、技术咨询、技术交流、技术转让、技术推广；租赁服务（不含许可类租赁服务）；航空运输设备销售；航空运输货物打包服务；航空商务服务；航空国际货物运输代理；业务培训（不含教育培训、职业技能培训等需取得许可的培训）；紧急救援服务；从事两国政府间航空运输协定或者有关协议规定的经营性业务活动；科技中介服务；智能无人飞行器制造；5G通信技术服务；雷达及配套设备制造；气象观测服务；智能机器人的研发；交通安全、管制专用设备制造；知识产权服务（专利代理服务除外）；技术进出口；工程技术服务（规划管理、勘察、设计、监理除外）；工程和技术研究和试验发展；导航、测绘、气象及海洋专用仪器销售；物联网技术服务；雷达、无线电导航设备专业修理；移动通信设备制造；移动通信设备销售；光通信设备制造；光通信设备销售；大数据服务；计量技术服务；卫星导航服务；卫星导航多模增强应用服务系统集成；通信设备制造；卫星移动通信终端销售；地理遥感信息服务；信息系统集成服务；卫星技术综合应用系统集成；导航终端制造；导航终端销售；卫星移动通信终端制造；信息技术咨询服务；导航、测绘、气象及海洋专用仪器制造；社会经济咨询服务；量子计算技术服务；人工智能行业应用系统集成服务；人工智能应用软件开发；人工智能基础软件开发；新材料技术推广服务；通讯设备销售；卫星遥感应用系统集成；人工智能基础资源与技术平台；人工智能理论与算法软件开发；人工智能通用应用系统；人工智能公共服务平台技术咨询服务；教育咨询服务（不含涉许可审批的教育培训活动）；数字技术服务；认证咨询；智能控制系统集成；网络与信息安全软件开发。（除依法须经批准的项目外，凭营业执照依法自主开展经营活动） 通用航空服务；飞行训练；民用机场运营；公共航空运输；飞行签派员培训；民用航空器驾驶员培训；商业非运输、私用大型航空器运营人、航空器代管人运行业务；民用航空油料检测服务；民用航空维修人员培训；民用航空油料储运及加注（含抽取）服务；民用航天发射技术服务；测绘服务；民用航空器零部件设计和生产；城市公共交通；认证服务；民用航空器（发动机、螺旋桨）生产；建设工程施工；升放无人驾驶气球、系留气球；电子认证服务；第一类增值电信业务；基础电信业务；第二类增值电信业务；互联网信息服务。（依法须经批准的项目，经相关部门批准后方可开展经营活动，具体经营项目以相关部门批准文件或许可证件为准）,雷达、导航终端、卫星导航、无线电导航、通信设备、通信终端,天眼查关键词企业,0,,,,,,,,,,否,36802.0,205714.0,4333783.0,,1799.0,62.13,74675.0,25700.0,16055424.0
嘉馨（广州）低空经济产业发展有限公司,嘉馨（广州）低空经济产业发展有限公司,91440113MAEGPGXA9J,上游,产业运营类,,否,仅列入上游候选，当前未匹配到专利,广州市,,440100,广东省,广州市,广州市番禺区东环街番禺大道北555号天安总部中心23号楼1101单元,广东省广州市番禺区番禺大道北555号天安总部中心23号楼,广东省,广州市,番禺区,440113.0,113.373908,22.978208,,,智能无人飞行器销售;雷达、无线电导航设备专业修理;业务培训（不含教育培训、职业技能培训等需取得许可的培训）;机械设备研发;人工智能基础资源与技术平台;光学仪器制造;光学仪器销售;智能无人飞行器制造;光电子器件制造;卫星导航服务;导航终端制造;导航终端销售;卫星移动通信终端制造;卫星移动通信终端销售;货物进出口;物联网应用服务;软件开发;电子专用设备销售;机械设备租赁;电子测量仪器制造;人工智能行业应用系统集成服务;5G通信技术服务;电子测量仪器销售;环境监测专用仪器仪表制造;环境监测专用仪器仪表销售;智能车载设备制造;技术进出口;智能车载设备销售;软件销售;外卖递送服务;安全咨询服务;大数据服务;物联网设备销售;卫星导航多模增强应用服务系统集成;网络设备制造;网络设备销售;通信设备销售;电子元器件零售;信息系统运行维护服务;电力电子元器件销售;技术服务、技术开发、技术咨询、技术交流、技术转让、技术推广;计算机软硬件及辅助设备零售;工业互联网数据服务;人工智能硬件销售;机械设备销售;云计算设备制造;云计算设备销售;安全系统监控服务;信息系统集成服务;信息技术咨询服务;雷达及配套设备制造;新材料技术推广服务;计算机及通讯设备租赁;物联网技术研发;国内贸易代理;安防设备销售;安防设备制造;交通安全、管制专用设备制造;计算机软硬件及外围设备制造;通信设备制造;通讯设备修理;电力电子元器件制造;数字视频监控系统制造;地理遥感信息服务;电子产品销售;物联网设备制造;电子元器件制造;智能仪器仪表制造;仪器仪表制造;电子专用设备制造;智能机器人销售;智能机器人的研发;新材料技术研发;数字视频监控系统销售;民用航空器维修;商业非运输、私用大型航空器运营人、航空器代管人运行业务;城市配送运输服务（不含危险货物）;民用航空器零部件设计和生产;民用航空器（发动机、螺旋桨）生产;民用航空器驾驶员培训,雷达、导航终端、卫星导航、无线电导航、通信设备、通信终端,天眼查关键词企业,0,,,,,,,,,,否,31033.0,164171.0,1496572.0,,1898.0,73.66,37934.0,13727.0,10031665.0
广东横琴东昇防务科技有限公司,广东横琴东昇防务科技有限公司,91440400MACN71M6XE,上游,服务平台类,,否,仅列入上游候选，当前未匹配到专利,珠海市,,440400,广东省,珠海市,珠海市横琴天羽道48号1011文化创意,广东省珠海市香洲区横琴天羽道91号,广东省,珠海市,香洲区,440402.0,113.518232,22.123953,,,一般项目：雷达及配套设备制造；通信设备制造；通信设备销售；卫星导航服务；集成电路芯片设计及服务；计算机系统服务；信息系统集成服务；信息技术咨询服务；计算机软硬件及辅助设备零售；技术服务、技术开发、技术咨询、技术交流、技术转让、技术推广；电子元器件零售；电子元器件制造；电子产品销售；雷达、无线电导航设备专业修理。（除依法须经批准的项目外，凭营业执照依法自主开展经营活动）,芯片、集成电路、雷达、卫星导航、无线电导航、通信设备,天眼查关键词企业,0,,,,,,,,,,否,4479.0,178712.0,465340.0,,252.0,55.83,11527.0,2974.0,536200.0
星耀空科低空科技（深圳）有限公司,星耀空科低空科技（深圳）有限公司,91440300MAEB3T1B45,上游,产业运营类,,否,仅列入上游候选，当前未匹配到专利,深圳市,,440300,广东省,深圳市,深圳市龙华区龙华街道松和社区东环一路108号油松科技大厦B1342,广东省深圳市龙华区龙华街道松和社区东环一路108号油松科技大厦b1342号,广东省,深圳市,龙华区,440309.0,114.040088,22.645408,,,技术服务、技术开发、技术咨询、技术交流、技术转让、技术推广；人工智能硬件销售；人工智能应用软件开发；信息技术咨询服务；工程和技术研究和试验发展；节能管理服务；工业互联网数据服务；在线能源监测技术研发；集中式快速充电站；人工智能公共数据平台；新兴能源技术研发；5G通信技术服务；新材料技术推广服务；风力发电技术服务；汽车零部件研发；太阳能发电技术服务；电池销售；新材料技术研发；碳减排、碳转化、碳捕捉、碳封存技术研发；储能技术服务；紧急救援服务；电力电子元器件销售；旅游开发项目策划咨询；政府采购代理服务；招投标代理服务；社会调查（不含涉外调查）；航空运输设备销售；航空运营支持服务；卫星导航服务；卫星技术综合应用系统集成；导航终端制造；卫星移动通信终端销售；有色金属合金销售；移动通信设备销售；导航终端销售；进出口代理；移动终端设备销售；卫星通信服务；地理遥感信息服务；通信设备销售；数字创意产品展览展示服务；项目策划与公关服务；会议及展览服务；环保咨询服务；商业综合体管理服务；供应链管理服务；乡镇经济管理服务；公共事业管理服务；供销合作社管理服务；企业管理。（除依法须经批准的项目外，凭营业执照依法自主开展经营活动）通用航空服务。（依法须经批准的项目，经相关部门批准后方可开展经营活动，具体经营项目以相关部门批准文件或许可证件为准）,导航终端、卫星导航、通信设备、通信终端、电子元器件、电池,天眼查关键词企业,0,,,,,,,,,,否,36802.0,205714.0,4333783.0,,1799.0,62.13,74675.0,25700.0,16055424.0
深圳蜚廉低空飞行服务有限公司,深圳蜚廉低空飞行服务有限公司,91440300MADFFCFB4G,上游,产业运营类,,否,仅列入上游候选，当前未匹配到专利,深圳市,,440300,广东省,深圳市,深圳市龙岗区吉华街道甘坑社区甘李二路11号中海信创新产业城21栋103,广东省深圳市龙岗区吉华街道甘坑社区甘李二路11号中海信创新产业城21栋,广东省,深圳市,龙岗区,440307.0,114.118475,22.648694,,,航空商务服务；航空运营支持服务；航空国际货物运输代理；航空运输设备销售；航空运输货物打包服务；民用航空材料销售；有色金属铸造；轮胎制造；轮胎销售；信息系统集成服务；玻璃制造；国内货物运输代理；旅客票务代理；地理遥感信息服务；导航、测绘、气象及海洋专用仪器制造；导航、测绘、气象及海洋专用仪器销售；卫星通信服务；机械电气设备制造；机械电气设备销售；雷达及配套设备制造；石墨及碳素制品制造；石墨及碳素制品销售；照明器具制造；照明器具销售；高性能密封材料销售；智能无人飞行器制造；功能玻璃和新型光学材料销售；卫星遥感应用系统集成；智能无人飞行器销售；体育用品设备出租；电动机制造；通信设备制造；钟表与计时仪器制造；钟表与计时仪器销售；金属丝绳及其制品制造；金属丝绳及其制品销售；电机制造；金属结构制造；合成纤维销售；轴承销售；合成材料制造（不含危险化学品）；导航终端制造；导航终端销售；合成纤维制造；金属结构销售；合成材料销售；电池制造；电池销售；玻璃纤维及制品制造；玻璃纤维及制品销售；卫星导航服务；玻璃纤维增强塑料制品制造；玻璃纤维增强塑料制品销售；照相机及器材制造；照相机及器材销售；体育用品及器材制造；轴承、齿轮和传动部件制造；轴承、齿轮和传动部件销售；国际货物运输代理；雷达、无线电导航设备专业修理；软件开发；技术服务、技术开发、技术咨询、技术交流、技术转让、技术推广；会议及展览服务；咨询策划服务；社会经济咨询服务；信息咨询服务（不含许可类信息咨询服务）；项目策划与公关服务；农业机械服务；农业园艺服务；农业机械租赁；农业机械制造；农业机械销售；农业科学研究和试验发展；休闲观光活动；工程和技术研究和试验发展。（除依法须经批准的项目外，凭营业执照依法自主开展经营活动）通用航空服务；公共航空运输；民用航空器维修；民用航空油料储运及加注（含抽取）服务。（依法须经批准的项目，经相关部门批准后方可开展经营活动，具体经营项目以相关部门批准文件或许可证件为准）,雷达、导航终端、卫星导航、无线电导航、通信设备、电池,天眼查关键词企业,0,,,,,,,,,,否,36802.0,205714.0,4333783.0,,1799.0,62.13,74675.0,25700.0,16055424.0
珠海光恒科技有限公司,珠海光恒科技有限公司,91440400MA4WAGEK48,上游,产业运营类,,否,仅列入上游候选，当前未匹配到专利,珠海市,,440400,广东省,珠海市,珠海市香洲区永南路388号2栋201房,广东省珠海市香洲区,广东省,珠海市,香洲区,440402.0,113.543372,22.265635,,,一般项目：光电子器件制造；光电子器件销售；导航、测绘、气象及海洋专用仪器制造；电子元器件制造；电子专用设备制造；电子专用设备销售；光学仪器制造；光学仪器销售；软件开发；软件销售；工程和技术研究和试验发展；物联网技术研发；物联网设备制造；物联网设备销售；仪器仪表制造；电工仪器仪表销售；海上风电相关系统研发；海上风电相关装备销售；智能车载设备制造；电子测量仪器制造；电子测量仪器销售；雷达及配套设备制造；环境监测专用仪器仪表制造；环境监测专用仪器仪表销售；货物进出口；其他通用仪器制造；导航、测绘、气象及海洋专用仪器销售；机械设备研发；机械设备销售；智能车载设备销售；技术服务、技术开发、技术咨询、技术交流、技术转让、技术推广；机械设备租赁；非居住房地产租赁；物业管理；企业管理；集成电路芯片及产品制造；集成电路芯片及产品销售；集成电路芯片设计及服务；雷达、无线电导航设备专业修理；海洋工程装备研发；海洋工程装备制造；海洋工程装备销售；海洋环境监测与探测装备制造；海洋环境监测与探测装备销售；海洋环境服务；大气污染监测及检测仪器仪表销售；电力电子元器件制造；集成电路销售；电子元器件批发；机械电气设备销售；普通机械设备安装服务；电子、机械设备维护（不含特种设备）；人工智能理论与算法软件开发；计算机软硬件及辅助设备批发；劳务服务（不含劳务派遣）；信息系统运行维护服务；信息系统集成服务；人工智能行业应用系统集成服务；智能机器人的研发；智能机器人销售；海洋能系统与设备制造；海洋能系统与设备销售；人工智能通用应用系统；风电场相关系统研发；智能控制系统集成；虚拟现实设备制造；风电场相关装备销售；通信设备制造；风力发电机组及零部件销售；气象信息服务；气象观测服务；海洋气象服务；电池销售；电池制造；电池零配件生产；通信设备销售；光通信设备制造；光通信设备销售；环境保护专用设备销售；生态环境监测及检测仪器仪表销售；云计算设备制造；云计算设备销售；海洋工程关键配套系统开发；通用设备制造（不含特种设备制造）；实验分析仪器制造；实验分析仪器销售；光伏设备及元器件销售；光伏设备及元器件制造；储能技术服务；机械电气设备制造；专用设备制造（不含许可类专业设备制造）；人工智能硬件销售；人工智能应用软件开发；人工智能基础软件开发。（除依法须经批准的项目外，凭营业执照依法自主开展经营活动）,芯片、集成电路、雷达、无线电导航、通信设备、光电子器件,天眼查关键词企业,0,,,,,,,,,,否,4479.0,178712.0,465340.0,,252.0,55.83,11527.0,2974.0,536200.0
广东电网有限责任公司,广东电网有限责任公司,91440000730486030B,下游,投资发展类,有限责任公司（非自然人投资或控股的法人独资）,是,来自有专利企业清单,广州市,越秀区,440100,广东省,广州市,广州市越秀区东风东路757号,广东省广州市越秀区东风东路757号,广东省,广州市,越秀区,440104.0,113.30852,23.132286,2001-08-03,广东电网公司;广东省广电集团有限公司,投资、建设和经营管理广东电网，经营相关的输配电业务；参与投资、建设和经营相关的跨区域输变电和联网工程；从事电力购销业务，负责电力交易和调度；电力设备、电力器材的销售、调试、检测及试验；从事与电网经营和电力供应有关的科学研究、技术监督、技术开发、电力生产调度信息通信、咨询服务、电力教育和业务培训。(依法须经批准的项目，经相关部门批准后方可开展经营活动)〓,服务、培训,天眼查补录30家,194,194.0,164.0,95.0,2018.0,2024.0,7.0,0.2917,0.8299,信用代码直连；名称精确匹配,是,31033.0,164171.0,1496572.0,,1898.0,73.66,37934.0,13727.0,10031665.0
比亚迪股份有限公司,比亚迪股份有限公司,91440300192317458F,下游,服务平台类,股份有限公司（台港澳与境内合资，上市）,是,来自有专利企业清单,深圳市,龙岗区,440300,广东省,深圳市,深圳市大鹏新区葵涌街道延安路一号,广东省深圳市龙岗区葵涌街道延安路1-3号,广东省,深圳市,龙岗区,440307.0,114.435752,22.632647,1995-02-10,深圳市比亚迪实业有限公司,一般经营项目：无。许可经营项目：锂离子电池以及其他电池、充电器、电子产品、仪器仪表、柔性线路板、五金制品、液晶显示器、手机零配件、模具、塑胶制品及其相关附件的生产、销售；3D眼镜、GPS导航产品的研发、生产及销售；货物及技术进出口（不含分销、国家专营专控商品）；作为比亚迪汽车有限公司比亚迪品牌乘用车、电动车的总经销商，从事上述品牌的乘用车、电动车及其零部件的营销、批发和出口，提供售后服务；电池管理系统、换流柜、逆变柜/器、汇流箱、开关柜、储能机组的销售；汽车电子装置研发、销售；新能源汽车关键零部件研发以及上述零部件的关键零件、部件的研发、销售；轨道交通运输设备（含轨道交通车辆、工程机械、各类机电设备、电子设备及零部件、电子电气件、轨道交通信号系统、通信及综合监控系统与设备）的研发、设计、销售、租赁与售后服务（不涉及国营贸易管理商品，涉及配额、许可证管理及其他专项管理的商品，按国家有关规定办理申请）；轨道梁柱的研发、设计、销售；自有物业租赁（物业位于大鹏新区葵涌街道延安路一号比亚迪工业园内及龙岗区龙岗街道宝龙工业城宝荷路3001号比亚迪工业园内）；广告设计、制作、代理及发布；信息与技术咨询、技术服务。,服务、交通,天眼查补录30家,61,61.0,61.0,27.0,2022.0,2024.0,3.0,0.1,0.0328,信用代码直连；名称精确匹配,是,36802.0,205714.0,4333783.0,,1799.0,62.13,74675.0,25700.0,16055424.0
广东电网有限责任公司广州供电局,广东电网有限责任公司广州供电局,91440101734916755P,下游,投资发展类,有限责任公司分公司,是,来自有专利企业清单,广州市,天河区,440100,广东省,广州市,广州市天河区天河南二路2号,广东省广州市天河区天河南二路2号,广东省,广州市,天河区,440106.0,113.329518,23.131384,2002-02-26,广东电网公司广州供电局,送变电工程专业承包;电力电子技术服务;信息技术咨询服务;电气设备零售;电力输送设施安装工程服务;建筑物电力系统安装;电工器材零售;企业自有资金投资;电力供应;承装（修、试）电力设施,服务,天眼查补录30家,33,33.0,30.0,23.0,2018.0,2024.0,5.0,0.2174,0.0303,信用代码直连；名称精确匹配,是,31033.0,164171.0,1496572.0,,1898.0,73.66,37934.0,13727.0,10031665.0
广东电网有限责任公司东莞供电局,广东电网有限责任公司东莞供电局,914419007385933083,下游,产业运营类,有限责任公司分公司（非自然人投资或控股的法人独资）,是,来自有专利企业清单,东莞市,东莞市,441900,广东省,东莞市,广东省东莞市东城街道东城路东城段239号,广东省东莞市东城街道东城路东城段239号,广东省,东莞市,,441900.0,113.788427,23.063622,2002-04-08,广东省广电集团有限公司东莞供电分公司;广东电网公司东莞供电局,电网经营管理，调峰调频电厂经营管理；电力购销，电力过网和交易服务，电力工程建设，经营电力有关的信息产业，电力设备、电力器材的销售。(依法须经批准的项目，经相关部门批准后方可开展经营活动)〓,服务,天眼查补录30家,9,9.0,9.0,8.0,2022.0,2024.0,2.0,0.087,0.0,信用代码直连,否,12282.0,116661.0,335079.0,,1057.0,44.31,15269.0,10200.0,953490.0
深圳市大疆创新科技有限公司,深圳市大疆创新科技有限公司,914403007954257495,中游,服务平台类,有限责任公司（台港澳法人独资）,是,来自有专利企业清单,深圳市,南山区,440300,广东省,深圳市,深圳市南山区西丽街道西丽社区仙元路53号大疆天空之城T2大堂,广东省深圳市南山区西丽街道西丽社区大疆天空之城,广东省,深圳市,南山区,440305.0,113.942888,22.577473,2006-11-06,,一般经营项目：航空电子设备、自动控制设备、无人驾驶航空器、无线电数据传输系统、电子元器件、计算机软件的生产（由分公司经营）及其应用的技术开发、批发、进出口及相关配套业务（不涉及国营贸易管理商品，涉及配额、许可证管理及其他专项规定管理的商品，按国家有关规定办理申请）；软件技术信息咨询；教育信息咨询。智能机器人的研发；机械设备研发。（除依法须经批准的项目外，凭营业执照依法自主开展经营活动）许可经营项目：无。,航空、航空器,天眼查补录30家,244,244.0,28.0,99.0,2012.0,2023.0,12.0,0.6316,0.0,信用代码直连,是,36802.0,205714.0,4333783.0,,1799.0,62.13,74675.0,25700.0,16055424.0
广州极飞科技股份有限公司,广州极飞科技股份有限公司,91440106593721849Y,中游,产业运营类,股份有限公司（外商投资、未上市）,是,来自有专利企业清单,广州市,黄埔区,440100,广东省,广州市,广州市黄埔区新瑞路9号1号楼101房,广东省广州市黄埔区新瑞路9号,广东省,广州市,黄埔区,440112.0,113.480754,23.159317,2012-04-13,广州极飞科技有限公司;广州极飞电子科技有限公司;广州豆睿电子科技有限公司,技术服务、技术开发、技术咨询、技术交流、技术转让、技术推广;农业科学研究和试验发展;农业机械服务;农业机械销售;机械设备销售;智能农机装备销售;农作物病虫害防治服务;农业园艺服务;计算机软硬件及辅助设备批发;电子元器件批发;电子产品销售;农业机械租赁;智能无人飞行器制造;智能无人飞行器销售;智能机器人的研发;工业机器人安装、维修;农林牧副渔业专业机械的安装、维修;工业机器人销售;智能机器人销售;互联网销售（除销售需要许可的商品）;大数据服务;软件开发;信息系统集成服务;软件销售;人工智能基础软件开发;人工智能应用软件开发;人工智能理论与算法软件开发;电力电子元器件制造;特殊作业机器人制造;会议及展览服务;信息技术咨询服务;业务培训（不含教育培训、职业技能培训等需取得许可的培训）;特种作业人员安全技术培训;肥料销售;工业机器人制造;服务消费机器人制造;人工智能硬件销售;通用设备修理;农林牧渔机械配件销售;机械零件、零部件销售;发电机及发电机组销售;日用品销售;农副产品销售;谷物销售;办公用品销售;仪器仪表销售;玩具销售;食品互联网销售（仅销售预包装食品）;服装服饰零售;箱包销售;食用农产品初加工;服装服饰批发;礼品花卉销售;日用玻璃制品销售;体育用品及器材批发;针纺织品及原料销售;货物进出口;技术进出口;农药零售;农药批发;废弃电器电子产品处理,飞行器、智能无人飞行器、系统集成,天眼查补录30家,192,192.0,124.0,68.0,2016.0,2024.0,9.0,0.6923,0.0,信用代码直连；当前权利人代码直连,是,31033.0,164171.0,1496572.0,,1898.0,73.66,37934.0,13727.0,10031665.0
深圳市道通智能航空技术股份有限公司,深圳市道通智能航空技术股份有限公司,91440300306077254B,中游,服务平台类,其他股份有限公司(非上市),是,来自有专利企业清单,深圳市,南山区,440300,广东省,深圳市,深圳市前海深港合作区南山街道桂湾五路128号基金小镇基金9米商业平台29-24（一照多址企业）,广东省深圳市南山区前海南山街道桂湾基金小镇,广东省,深圳市,南山区,440305.0,113.904625,22.529312,2014-05-29,深圳市道通智能航空技术有限公司,一般经营项目：民用航空电子设备、自动控制设备、民用无人驾驶航空器、无线电数据传输系统、拍摄装备、摄像机产品、电子元器件、计算机软件应用的技术开发、批发；经营进出口业务；软件技术信息咨询; 房屋租赁，物业管理，水电暖供应，通信管网出租及维护。智能无人飞行器制造；智能无人飞行器销售；信息技术咨询服务。租赁服务（不含许可类租赁服务）。（除依法须经批准的项目外，凭营业执照依法自主开展经营活动）许可经营项目：民用航空电子设备、自动控制设备、民用无人驾驶航空器、无线电数据传输系统、拍摄装备、摄像机产品、电子元器件、计算机软件的生产 。（依法须经批准的项目，经相关部门批准后方可开展经营活动，具体经营项目以相关部门批准文件或许可证件为准）,飞行器、航空、智能无人飞行器、航空器,天眼查补录30家,99,99.0,27.0,59.0,2017.0,2024.0,8.0,0.7273,0.0,信用代码直连；当前权利人代码直连,是,36802.0,205714.0,4333783.0,,1799.0,62.13,74675.0,25700.0,16055424.0
华为技术有限公司,华为技术有限公司,914403001922038216,中游,服务平台类,有限责任公司（法人独资）,是,来自有专利企业清单,深圳市,龙岗区,440300,广东省,深圳市,深圳市龙岗区坂田华为总部办公楼,广东省深圳市龙岗区,广东省,深圳市,龙岗区,440307.0,114.246884,22.720889,1987-09-15,深圳市华为技术有限公司,一般经营项目：程控交换机、传输设备、数据通信设备、宽带多媒体设备、电源、无线通信设备、微电子产品、软件、系统集成工程、计算机及配套设备、终端设备及相关通信信息产品、数据中心机房基础设施及配套产品（含供配电、空调制冷设备、智能管理监控等）的开发、生产、销售、技术服务、工程安装、维修、咨询、代理、租赁；信息系统设计、集成、运行维护；集成电路设计、研发；统一通信及协作类产品，服务器及配套软硬件产品，存储设备及相关软件的研发、生产、销售；无线数据产品（不含限制项目）的研发、生产、销售；通信站点机房基础设施及通信配套设备（含通信站点、通信机房、通信电源、机柜、天线、通信线缆、配电、智能管理监控、锂电及储能系统等）的研发、生产、销售；能源科学技术研究及能源相关产品的研发、生产、销售；大数据产品、物联网及通信相关领域产品的研发、生产、销售；汽车零部件及智能系统的研发、生产、销售及服务；建筑工程；设计、制作、发布、代理各类广告；通信设备租赁（不含限制项目）；培训服务；技术认证服务；信息咨询（不含限制项目）；企业管理咨询（不含限制项目）；进出口业务；国内商业、物资供销业业务（不含专营、专控、专卖商品）；对外经济技术合作业务；房屋租赁业务（持许可经营证）；以及其他法律法规不禁止的经营活动（依法须经批准的项目，经相关部门批准后方可开展经营活动）。许可经营项目：增值电信业务经营。,系统集成,天眼查补录30家,48,48.0,29.0,31.0,2017.0,2024.0,8.0,0.2105,0.0,信用代码直连,是,36802.0,205714.0,4333783.0,,1799.0,62.13,74675.0,25700.0,16055424.0
广东汇天航空航天科技有限公司,广东汇天航空航天科技有限公司,91440101MA9W1BQA5Y,中游,产业运营类,有限责任公司(港澳台法人独资),是,来自有专利企业清单,广州市,天河区,440100,广东省,广州市,广州市天河区岑村丰庄大街8号8层801室,广东省广州市天河区岑村丰庄大街,广东省,广州市,天河区,440106.0,113.381784,23.159138,2020-12-02,,工程和技术研究和试验发展（除人体干细胞、基因诊断与治疗技术开发和应用，中国稀有和特有的珍贵优良品种）;汽车销售;新能源汽车整车销售;技术进出口;智能无人飞行器制造;智能无人飞行器销售;货物进出口;互联网销售（除销售需要许可的商品）;智能机器人销售;试验机销售;工业机器人制造;特殊作业机器人制造;工业机器人安装、维修;工业机器人销售;智能机器人的研发;机械设备租赁;机械零件、零部件销售;电气机械设备销售;机械设备研发;电子、机械设备维护（不含特种设备）;技术服务、技术开发、技术咨询、技术交流、技术转让、技术推广;专用设备制造（不含许可类专业设备制造）;特种设备销售;软件销售;软件开发;信息技术咨询服务;科技中介服务;通信设备制造;通信设备销售;智能车载设备制造;通用设备修理;电子元器件与机电组件设备销售;电子元器件与机电组件设备制造;工业自动控制系统装置制造;电气设备修理;风动和电动工具制造;紧固件制造;仪器仪表修理;交通安全、管制专用设备制造;信息系统集成服务;通讯设备修理;航空运输设备销售,飞行器、航空、航天、智能无人飞行器、系统集成,天眼查补录30家,47,47.0,46.0,23.0,2021.0,2024.0,4.0,0.8,0.0,信用代码直连,否,31033.0,164171.0,1496572.0,,1898.0,73.66,37934.0,13727.0,10031665.0
丰翼科技(深圳)有限公司,丰翼科技(深圳)有限公司,91440300MA5FA4QL2L,中游,服务平台类,有限责任公司,是,来自有专利企业清单,深圳市,宝安区,440300,广东省,深圳市,深圳市宝安区航城街道草围社区深圳机场航站四路1111号顺丰华南转运中心综合楼六层,广东省深圳市宝安区航城街道草围街道新和社区航站四路1111号,广东省,深圳市,宝安区,440306.0,113.832804,22.620869,2018-08-31,,一般经营项目：计算机软件研发；系统集成的技术转让，技术咨询，技术服务；销售电子产品；无人机研发、销售、租赁及上门维修，经营进出口业务（以上法律、行政法规、国务院决定禁止的项目除外，限制的项目须取得许可后方可经营）。软件开发；信息系统集成服务；电子产品销售；智能无人飞行器销售；智能输配电及控制设备销售；人工智能行业应用系统集成服务；人工智能应用软件开发；人工智能硬件销售；智能机器人的研发；智能物料搬运装备销售；工业机器人销售；仓储设备租赁服务；供应链管理服务。（除依法须经批准的项目外，凭营业执照依法自主开展经营活动）许可经营项目：生产计算机软件；电子产品，无人机的生产。工业机器人安装、维修；普通货物仓储服务（不含危险化学品等需许可审批的项目）；工业机器人制造；智能无人飞行器制造；输配电及控制设备制造；通用航空服务；技术进出口；快递服务；民用航空器零部件设计和生产；民用航空器（发动机、螺旋桨）生产；汽车销售。第二类增值电信业务；民用航空器驾驶员培训。（依法须经批准的项目，经相关部门批准后方可开展经营活动，具体经营项目以相关部门批准文件或许可证件为准）,无人机、飞行器、航空、智能无人飞行器、航空器,天眼查补录30家,39,39.0,18.0,24.0,2016.0,2023.0,8.0,1.1429,0.0,信用代码直连,否,36802.0,205714.0,4333783.0,,1799.0,62.13,74675.0,25700.0,16055424.0
亿航智能设备有限公司,亿航智能设备有限公司,91440116MA59AB9P0B,中游,产业运营类,有限责任公司(港澳台法人独资),是,来自有专利企业清单,广州市,黄埔区,440100,广东省,广州市,广州市黄埔区东江大道118号,广东省广州市黄埔区东江大道118号,广东省,广州市,黄埔区,440112.0,113.529652,23.054508,2015-10-15,亿航智能设备(广州)有限公司,自然科学研究和试验发展;信息系统集成服务;通信终端设备制造;数据处理和存储服务;交通运输咨询服务;工业自动控制系统装置制造;民用无人机制造（法律、行政法规、国务院决定禁止的项目除外，限制的项目须取得许可后方可经营）;无人机的销售;民用无人机探测系统销售;民用无人机管控系统销售;民用无人机管控设备销售;无人机软硬件的技术开发、应用;民用无人机探测系统研发;民用无人机管控系统研发;民用无人机管控设备研发;航空模拟机飞行模拟训练相关软件的开发;空中运输设备租赁服务;软件产品开发、生产;货物进出口(涉及外资准入特别管理规定和许可审批的商品除外);通信设施安装工程服务;通信线路和设备的安装;通信系统工程服务;通信设备零售;通信系统设备产品设计;从事通信网络、通信及相关设备的维护或维修、优化（不涉及线路管道铺设等工程施工）;计算机零配件零售;航空技术咨询服务;电工机械专用设备制造;通信技术研究开发、技术服务;商品信息咨询服务;电子、通信与自动控制技术研究、开发;信息电子技术服务;信息技术咨询服务;软件服务;技术进出口;模型设计服务;电子产品设计服务;计算机技术开发、技术服务;电子元器件零售;电子产品零售;电子产品批发;民用航空机载设备设计与制造;航空、航天相关设备制造;航空发动机及零部件、航空辅助动力系统设计、制造与维修;航空地面设备制造：民用机场设施、民用机场运行保障设备、飞行试验地面设备、飞行模拟与训练设备、航空测试与计量设备、航空地面试验设备、机载设备综合测试设备、航空制造专用设备、航空材料试制专用设备、民用航空器地面接收及应用设备、运载火箭地面测试设备、运载火箭力学及环境实验设备;航空器零件制造,无人机、航空、航天、航空器、系统集成,天眼查补录30家,37,37.0,36.0,32.0,2020.0,2024.0,4.0,0.4,0.0,信用代码直连,否,31033.0,164171.0,1496572.0,,1898.0,73.66,37934.0,13727.0,10031665.0
南方电网通用航空服务有限公司,南方电网通用航空服务有限公司,91530000MA6MYLGN0A,中游,产业运营类,有限责任公司(法人独资),是,来自有专利企业清单,广州市,南沙区,440100,广东省,广州市,广州市南沙区横沥镇明珠一街1号404房A207（仅限办公）,广东省广州市南沙区横沥镇,广东省,广州市,南沙区,440115.0,113.498253,22.749483,2018-01-05,云南新能通用航空有限公司,技术进出口;货物进出口;技术服务、技术开发、技术咨询、技术交流、技术转让、技术推广;机械设备租赁;特种设备出租;运输设备租赁服务;社会经济咨询服务;企业管理咨询;信息技术咨询服务;微特电机及组件制造;智能无人飞行器销售;装卸搬运;仓储设备租赁服务;网络技术服务;互联网数据服务;发电技术服务;风力发电技术服务;电力设施器材销售;国际货物运输代理;国内货物运输代理;航空运输设备销售;道路货物运输（网络货运）;互联网信息服务;第二类增值电信业务;道路货物运输（不含危险货物）;飞行训练;民用航空维修技术培训;民用航空器驾驶员培训;商业非运输、私用大型航空器运营人、航空器代管人运行业务;通用航空服务;,飞行器、航空、智能无人飞行器、航空器,天眼查补录30家,23,23.0,23.0,21.0,2023.0,2024.0,2.0,0.2857,0.1304,信用代码直连；名称精确匹配,是,31033.0,164171.0,1496572.0,,1898.0,73.66,37934.0,13727.0,10031665.0
深城交科技集团股份有限公司,深城交科技集团股份有限公司,91440300671877217N,中游,投资发展类,其他股份有限公司(上市),是,来自有专利企业清单,深圳市,龙华区,440300,广东省,深圳市,深圳市龙华区民治街道北站社区龙华设计产业园总部大厦1栋1101,广东省深圳市龙华区民治街道北站社区龙华设计产业园(公交站),广东省,深圳市,龙华区,440309.0,114.02341,22.612012,2008-01-14,深圳市奥宇节能技术股份有限公司;深圳市奥宇控制系统有限公司;深圳市城市交通规划设计研究中心有限公司;深圳市城市交通规划设计研究中心股份有限公司,一般经营项目：交通规划设计研究（含专项调查）；城市规划与建筑设计；会务服务；自有物业租赁。（企业经营涉及前置性行政许可的，须取得前置性行政许可文件后方可经营）；信息系统运行维护服务；物联网技术研发；物联网设备销售；物联网技术服务；大数据服务；工程管理服务；以自有资金从事投资活动。信息技术咨询服务；软件开发；自有资金投资的资产管理服务；货物进出口；技术进出口；软件销售；信息系统集成服务；企业管理咨询。（除依法须经批准的项目外，凭营业执照依法自主开展经营活动）许可经营项目：对外承包工程；建设工程施工。建设工程勘察；建设工程设计；建筑智能化系统设计。（依法须经批准的项目，经相关部门批准后方可开展经营活动，具体经营项目以相关部门批准文件或许可证件为准）,系统集成,天眼查补录30家,23,23.0,23.0,12.0,2024.0,2024.0,1.0,0.0588,0.0435,信用代码直连；名称精确匹配,是,36802.0,205714.0,4333783.0,,1799.0,62.13,74675.0,25700.0,16055424.0
珠海市双捷科技有限公司,珠海市双捷科技有限公司,914404000684993620,中游,科技研发类,有限责任公司(自然人投资或控股),是,来自有专利企业清单,珠海市,香洲区,440400,广东省,珠海市,珠海市香洲区福田路18号1栋1层103-257室（集中办公区）,广东省珠海市香洲区福田路18号,广东省,珠海市,香洲区,440402.0,113.50271,22.292001,2013-05-09,,一般项目：智能机器人的研发；智能无人飞行器制造；电子专用设备制造；软件开发；通信设备制造；电动机制造。（除依法须经批准的项目外，凭营业执照依法自主开展经营活动）,飞行器、智能无人飞行器,天眼查补录30家,21,21.0,6.0,17.0,2018.0,2024.0,7.0,0.5833,0.0,信用代码直连,否,4479.0,178712.0,465340.0,,252.0,55.83,11527.0,2974.0,536200.0
广州中科云图智能科技有限公司,广州中科云图智能科技有限公司,91440101MA59P95W94,中游,产业运营类,有限责任公司(自然人投资或控股),是,来自有专利企业清单,广州市,海珠区,440100,广东省,广州市,广州市海珠区新港东路2429号五层518房（仅限办公）,广东省广州市海珠区新港东路2429号,广东省,广州市,海珠区,440105.0,113.399803,23.094168,2017-06-15,,软件销售;电子产品销售;专业设计服务;计算机软硬件及辅助设备零售;卫星遥感应用系统集成;智能控制系统集成;人工智能行业应用系统集成服务;人工智能理论与算法软件开发;数字文化创意软件开发;网络与信息安全软件开发;数据处理和存储支持服务;地理遥感信息服务;摄影扩印服务;地质勘查技术服务;智能无人飞行器销售;智能机器人销售;智能机器人的研发;软件外包服务;人工智能应用软件开发;人工智能基础软件开发;软件开发;环境保护监测;安全系统监控服务;计算机系统服务;智能水务系统开发;业务培训（不含教育培训、职业技能培训等需取得许可的培训）;信息系统集成服务;工程和技术研究和试验发展;技术服务、技术开发、技术咨询、技术交流、技术转让、技术推广;汽车新车销售;测绘服务;,飞行器、智能无人飞行器、测绘、遥感、系统集成,天眼查补录30家,16,16.0,15.0,13.0,2021.0,2024.0,3.0,0.375,0.0,信用代码直连,否,31033.0,164171.0,1496572.0,,1898.0,73.66,37934.0,13727.0,10031665.0
广州市华科尔科技股份有限公司,广州市华科尔科技股份有限公司,91440115734926603P,中游,服务平台类,股份有限公司(非上市、自然人投资或控股),是,来自有专利企业清单,广州市,南沙区,440100,广东省,广州市,广州市南沙区东涌镇太石工业区,广东省广州市南沙区东涌镇太石工业区,广东省,广州市,南沙区,440115.0,113.402701,22.890164,2001-07-12,广州市华科尔科技有限公司,消防车辆销售;无人机软硬件的技术开发、应用;电子、通信与自动控制技术研究、开发;航空模拟机飞行模拟训练相关软件的销售;无人机的销售;货物进出口（专营专控商品除外）;销售本公司生产的产品（国家法律法规禁止经营的项目除外；涉及许可经营的产品需取得许可证后方可经营）;智能机器系统销售;机器人系统销售;智能机器销售;玩具批发;计算机批发;计算机零配件批发;软件批发;消防设备、器材的批发;航空模拟机租赁;软件开发;数字动漫制作;游戏软件设计制作;消防设备、器材的制造;民用无人机制造（法律、行政法规、国务院决定禁止的项目除外，限制的项目须取得许可后方可经营）;微电机及其他电机制造;机器人系统生产;智能机器系统生产;信息技术咨询服务;软件测试服务;农业机械服务;林业机械服务;滑翔机批发;航空模型批发;礼仪电子用品制造;普通劳动防护用品制造;,无人机、航空,天眼查补录30家,14,14.0,9.0,12.0,2018.0,2024.0,5.0,0.2083,0.0,信用代码直连,否,31033.0,164171.0,1496572.0,,1898.0,73.66,37934.0,13727.0,10031665.0
深圳市好盈科技股份有限公司,深圳市好盈科技股份有限公司,914403007787549030,中游,投资发展类,其他股份有限公司(非上市),是,来自有专利企业清单,深圳市,龙岗区,440300,广东省,深圳市,深圳市龙岗区宝龙街道宝龙社区诚信路8号亚森工业厂区4号厂房101-402,广东省深圳市龙岗区宝龙街道宝龙社区诚信路8号亚森工业厂区4号,广东省,深圳市,龙岗区,440307.0,114.280694,22.684798,2005-07-27,深圳市好盈科技有限公司,电子控制产品的技术开发及销售；投资兴办实业（具体项目另行申报）；经营进出口业务。电子元器件与机电组件设备销售；智能无人飞行器销售；智能无人飞行器制造；电机制造；电机及其控制系统研发；微特电机及组件制造；计算机软硬件及外围设备制造；智能家庭消费设备制造；非公路休闲车及零配件制造；工业自动控制系统装置制造；电力电子元器件制造；专用设备制造（不含许可类专业设备制造）。户外用品销售；体育消费用智能设备制造；体育用品及器材制造；体育用品及器材批发；体育用品及器材零售；体育用品设备出租；娱乐船和运动船销售；娱乐船和运动船制造；机械设备研发。（除依法须经批准的项目外，凭营业执照依法自主开展经营活动）,飞行器、智能无人飞行器、控制系统,天眼查补录30家,14,14.0,12.0,8.0,2018.0,2024.0,4.0,0.2,0.0,信用代码直连,否,36802.0,205714.0,4333783.0,,1799.0,62.13,74675.0,25700.0,16055424.0
深圳市科卫泰实业发展有限公司,深圳市科卫泰实业发展有限公司,91440300279392266B,中游,投资发展类,有限责任公司,是,来自有专利企业清单,深圳市,宝安区,440300,广东省,深圳市,深圳市宝安区西乡鹤洲恒丰工业城C3栋二层,广东省深圳市宝安区西乡镇鹤洲恒丰工业城c3栋,广东省,深圳市,宝安区,440306.0,113.868657,22.631012,1997-10-09,,一般经营项目：投资兴办实业（具体项目另行申报）；安全技术防范产品、无人驾驶航空器和微波通信产品的技术开发、销售、租赁、技术咨询服务；电脑周边设备及配件的销售；汽车销售；计算机软硬件产品开发、销售、系统集成；国内贸易，货物及技术进出口；应急救援、安全防护，电磁对抗、智能安防、生物识别、光学观察、侦察测绘、网络安全/攻防、信息保护设备的销售及技术服务；音视频编解码技术及5G应用的研发、销售及技术服务。(法律、行政法规、国务院决定规定在登记前须经批准的项目除外）；电池制造；电池销售。业务培训（不含教育培训、职业技能培训等需取得许可的培训）。（除依法须经批准的项目外，凭营业执照依法自主开展经营活动）许可经营项目：安全技术防范产品、无人驾驶航空器和微波通信产品的工程安装及生产；音视频编解码技术及5G应用的生产。（依法须经批准的项目，经相关部门批准后方可开展经营活动，具体经营项目以相关部门批准文件或许可证件为准）,航空、航空器、测绘、系统集成,天眼查补录30家,14,14.0,6.0,14.0,2018.0,2024.0,5.0,0.1786,0.0,信用代码直连,否,36802.0,205714.0,4333783.0,,1799.0,62.13,74675.0,25700.0,16055424.0
南方电网电力科技股份有限公司,南方电网电力科技股份有限公司,91440000190345797E,中游,产业运营类,其他股份有限公司(上市),是,来自有专利企业清单,广州市,越秀区,440100,广东省,广州市,广州市越秀区西华路捶帽新街1-3号华业大厦附楼501-503室（不可作厂房使用）,广东省广州市越秀区西华路捶帽新街1-3号华业大厦,广东省,广州市,越秀区,440104.0,113.248567,23.131838,1988-02-22,广东电科院能源技术有限责任公司;广东省广华实业进出口公司;广东广华实业进出口有限公司,工程和技术研究和试验发展;技术服务、技术开发、技术咨询、技术交流、技术转让、技术推广;储能技术服务;电池制造;电池销售;计量服务;人工智能行业应用系统集成服务;信息系统集成服务;海上风电相关系统研发;碳减排、碳转化、碳捕捉、碳封存技术研发;在线能源监测技术研发;机械电气设备制造;电气机械设备销售;智能机器人的研发;特殊作业机器人制造;智能机器人销售;输配电及控制设备制造;智能输配电及控制设备销售;数字视频监控系统制造;数字视频监控系统销售;安全系统监控服务;终端计量设备制造;终端计量设备销售;智能无人飞行器制造;智能无人飞行器销售;海洋工程装备研发;智能仪器仪表制造;智能仪器仪表销售;专用设备制造（不含许可类专业设备制造）;汽车销售;新兴能源技术研发;海洋工程装备制造;海洋工程装备销售;软件开发;软件销售;物业管理;住房租赁;货物进出口;技术进出口;集成电路设计;集成电路芯片及产品销售;集成电路芯片及产品制造;集成电路芯片设计及服务;检验检测服务,飞行器、智能无人飞行器、系统集成,天眼查补录30家,13,13.0,13.0,10.0,2022.0,2024.0,3.0,0.0811,0.0,信用代码直连,否,31033.0,164171.0,1496572.0,,1898.0,73.66,37934.0,13727.0,10031665.0
哈瓦国际航空技术(深圳)有限公司,哈瓦国际航空技术(深圳)有限公司,91440300319491403H,中游,服务平台类,有限责任公司,是,来自有专利企业清单,深圳市,龙华区,440300,广东省,深圳市,深圳市龙华新区观澜石马径社区新湖路28号A栋厂房1楼南侧、4楼A区及5楼,广东省深圳市龙华区龙华新区观澜石马径新湖北街28号,广东省,深圳市,龙华区,440309.0,114.090797,22.714826,2014-11-25,,无人机控制系统、智能任务载荷吊舱云台系统、机器人控制系统、北斗、GPS应用系统、无线图像传输系统、无人控制系统、无人驾驶航空器、航拍影视器材、航空电子设备、计算机软件、计算机及测量仪器仪表、人工智能设备、警用装备器材、消防设备器材的开发、销售、技术服务；测绘航空摄影、摄影测量与遥感、通信与自动控制技术、信息系统集成开发、销售、技术服务，并为行业客户提供数据应用及系统解决方案；无人机驾驶培训（仅限兴趣培训；不含学历教育、学科类培训及职业技能培训，法律、行政法规及国务院规定需办理审批的，审批后方可经营）；国内贸易；经营进出口业务。（法律、行政法规、国务院决定规定在登记前须经批准的项目除外）。无人机控制系统、智能任务载荷吊舱云台系统、机器人控制系统、北斗、GPS 应用系统、无线图像传输系统、无人控制系统无人驾驶航空器、航拍影视器材、航空电子设备、计算机软件、警用装备器材、消防设备器材、人工智能设备的研发与生产。租赁服务（不含许可类租赁服务）。（除依法须经批准的项目外，凭营业执照依法自主开展经营活动）^广播电视节目制作经营。（依法须经批准的项目，经相关部门批准后方可开展经营活动，具体经营项目以相关部门批准文件或许可证件为准）,无人机、航空、航空器、测绘、遥感,天眼查补录30家,13,13.0,1.0,10.0,2018.0,2023.0,5.0,0.4545,0.0,信用代码直连,否,36802.0,205714.0,4333783.0,,1799.0,62.13,74675.0,25700.0,16055424.0
美团科技有限公司,美团科技有限公司,91440300MA5G0YNU5T,中游,服务平台类,有限责任公司（港澳台法人独资）,是,来自有专利企业清单,深圳市,龙华区,440300,广东省,深圳市,深圳市龙华区民治街道北站社区汇隆商务中心2号楼1103,广东省深圳市龙华区民治街道北站社区HBC汇隆中心2号楼,广东省,深圳市,龙华区,440309.0,114.0329,22.611134,2019-12-25,,一般经营项目：计算机软件技、网络技术研发。计算机系统集成；企业形象策划、展览展示策划、会务服务、企业管理咨询、商务信息咨询、经济信息咨询、市场营销策划（不含市场调查、社会调查、资信调查等国家限制类、禁止类项目）销售自行开发的软件产品;计算机硬件及其配套设备的批发、零售、佣金代理（不含拍卖）、进出口及相关配套业务（不涉及国营贸易管理商品，涉及配额、许可证管理及其它专项规定管理的商品，按国家有关规定办理申请）;从事广告业务;供应链管理;普通货运。以上经营范围不含国家规定实施准入特别管理措施的项目，涉及备案许可资质的需取得相关证件后方可实际经营。许可经营项目：无。,系统集成,天眼查补录30家,11,11.0,11.0,9.0,2023.0,2024.0,2.0,0.3333,0.0,信用代码直连,否,36802.0,205714.0,4333783.0,,1799.0,62.13,74675.0,25700.0,16055424.0
珠海紫燕无人飞行器有限公司,珠海紫燕无人飞行器有限公司,91440400304050613H,中游,投资发展类,其他有限责任公司,是,来自有专利企业清单,珠海市,香洲区,440400,广东省,珠海市,珠海市高新区唐家湾镇科技七路1号2栋101单元,广东省珠海市香洲区唐家湾镇科技七路1号2栋,广东省,珠海市,香洲区,440402.0,113.56186,22.39424,2014-05-16,珠海中通金域云数据信息技术有限公司,一般项目：智能无人飞行器制造；智能无人飞行器销售；软件开发；通信设备制造；智能机器人的研发；人工智能行业应用系统集成服务；虚拟现实设备制造；物联网设备制造；智能车载设备制造；智能车载设备销售；雷达及配套设备制造；光学仪器制造；风力发电技术服务；发电技术服务；新兴能源技术研发；数据处理服务；导航、测绘、气象及海洋专用仪器销售；集成电路芯片及产品销售；安防设备制造；货物进出口；技术进出口；以自有资金从事投资活动；互联网销售（除销售需要许可的商品）。（除依法须经批准的项目外，凭营业执照依法自主开展经营活动）许可项目：民用航空器驾驶员培训。（依法须经批准的项目，经相关部门批准后方可开展经营活动，具体经营项目以相关部门批准文件或许可证件为准）,飞行器、航空、智能无人飞行器、航空器、测绘,天眼查补录30家,9,9.0,9.0,9.0,2023.0,2024.0,2.0,0.1818,0.0,信用代码直连,否,4479.0,178712.0,465340.0,,252.0,55.83,11527.0,2974.0,536200.0
广州亿航智能技术有限公司,广州亿航智能技术有限公司,91440106304742759X,中游,产业运营类,有限责任公司(自然人投资或控股),是,来自有专利企业清单,广州市,天河区,440100,广东省,广州市,广州市天河区思成路35号1单元801-110室,广东省广州市天河区思成路35号,广东省,广州市,天河区,440106.0,113.421436,23.177673,2014-08-08,,航空运输设备销售;技术服务、技术开发、技术咨询、技术交流、技术转让、技术推广;机械设备研发;民用航空材料销售;软件开发;数据处理服务;大数据服务;人工智能理论与算法软件开发;物联网技术研发;数据处理和存储支持服务;数字文化创意软件开发;电子专用材料研发;电机及其控制系统研发;网络技术服务;与农业生产经营有关的技术、信息、设施建设运营等服务;网络与信息安全软件开发;新材料技术研发;地质灾害治理服务;城市绿化管理;照相机及器材销售;通讯设备销售;电力电子元器件销售;电子元器件批发;电子元器件与机电组件设备销售;智能机器人销售;工业机器人销售;服务消费机器人销售;网络设备销售;互联网销售（除销售需要许可的商品）;机械零件、零部件销售;机械电气设备制造;智能港口装卸设备销售;装卸搬运;移动通信设备销售;人工智能硬件销售;软件销售;民用航空器驾驶员培训;技术进出口;货物进出口,航空、航空器、控制系统,天眼查补录30家,8,8.0,0.0,5.0,2016.0,2021.0,4.0,0.3636,0.0,信用代码直连,否,31033.0,164171.0,1496572.0,,1898.0,73.66,37934.0,13727.0,10031665.0
深圳市喜悦智慧数据有限公司,深圳市喜悦智慧数据有限公司,91440300319512147W,中游,产业运营类,有限责任公司,是,来自有专利企业清单,深圳市,龙华区,440300,广东省,深圳市,深圳市龙华区民治街道大岭社区红山六九七九二期9栋702（26座7层702室）,广东省深圳市龙华区民治街道大岭社区居委会红山六九七九二期,广东省,深圳市,龙华区,440309.0,114.025367,22.621653,2014-10-27,-,一般经营项目：大数据系统开发与运营；人工智能系统的开发与销售；机器人产品技术开发与销售；网路硬件产品的开发与销售；人力资源系统软件的技术开发与销售；计算机软件、信息系统软件的开发与销售；信息系统设计、集成、运行维护；信息技术咨询。信息系统集成服务；人工智能理论与算法软件开发；人工智能应用软件开发；人工智能硬件销售；智能机器人的研发；集成电路设计；物联网技术研发；物联网技术服务；工业互联网数据服务；云计算装备技术服务；数据处理和存储支持服务；碳减排、碳转化、碳捕捉、碳封存技术研发。融资咨询服务；不动产登记代理服务；非融资担保服务；社会经济咨询服务；安全咨询服务；信息咨询服务（不含许可类信息咨询服务）；财务咨询；税务服务；咨询策划服务；招投标代理服务；工程管理服务。劳务服务（不含劳务派遣）。（除依法须经批准的项目外，凭营业执照依法自主开展经营活动）许可经营项目：机器人产品的生产；网路硬件产品的生产。认证服务；建筑智能化系统设计。资产评估。建设工程施工。（依法须经批准的项目，经相关部门批准后方可开展经营活动，具体经营项目以相关部门批准文件或许可证件为准）,系统集成,天眼查关键词企业,6,6.0,6.0,5.0,2023.0,2024.0,2.0,0.1818,0.0,信用代码直连,否,36802.0,205714.0,4333783.0,,1799.0,62.13,74675.0,25700.0,16055424.0
深圳市大疆灵眸科技有限公司,深圳市大疆灵眸科技有限公司,914403000589938852,中游,服务平台类,有限责任公司,是,来自有专利企业清单,深圳市,南山区,440300,广东省,深圳市,深圳市南山区西丽街道西丽社区仙元路55号大疆天空之城T1-23F-S11,广东省深圳市南山区西丽街道西丽社区大疆天空之城,广东省,深圳市,南山区,440305.0,113.942888,22.577473,2012-12-13,深圳市思开科技有限公司;深圳市大疆灵眸科技有限公司;深圳市雷炽科技有限公司,影像设备及相关配套软件的技术开发及销售；从事计算机信息科技领域内的技术开发、技术转让、技术咨询、技术服务；展览展示服务；会务服务；电子设备、自动化控制设备、数码影像设备及相关零附件、计算机、软件及辅助设备（除计算机信息系统安全专用产品）的批发；无人机及相关软件及配件的技术开发、销售、租赁及批发；经营进出口业务（法律、行政法规、国务院决定禁止的项目除外，限制的项目须取得许可后方可经营）。^,无人机,天眼查补录30家,6,6.0,0.0,4.0,2015.0,2017.0,3.0,0.2308,0.0,信用代码直连,否,36802.0,205714.0,4333783.0,,1799.0,62.13,74675.0,25700.0,16055424.0
佛山市南海区大数据投资建设有限公司,佛山市南海区大数据投资建设有限公司,91440605MA52DEJ91R,中游,投资发展类,有限责任公司（非自然人投资或控股的法人独资）,是,来自有专利企业清单,佛山市,南海区,440600,广东省,佛山市,佛山市南海区桂城街道金科路6号粤港金融科技园1座二楼（住所申报）,广东省佛山市南海区桂城街道住所申报,广东省,佛山市,南海区,440605.0,113.095075,23.062075,2018-10-19,,一般项目：以自有资金从事投资活动；工程和技术研究和试验发展；信息技术咨询服务；技术服务、技术开发、技术咨询、技术交流、技术转让、技术推广；互联网数据服务；大数据服务；软件开发；数据处理和存储支持服务；信息系统集成服务；计算机软硬件及辅助设备批发；通讯设备销售；计算机软硬件及辅助设备零售；会议及展览服务；工程管理服务；数据处理服务；信息系统运行维护服务；数字视频监控系统销售。（除依法须经批准的项目外，凭营业执照依法自主开展经营活动）许可项目：电气安装服务；第一类增值电信业务；第二类增值电信业务；互联网信息服务。（依法须经批准的项目，经相关部门批准后方可开展经营活动，具体经营项目以相关部门批准文件或许可证件为准）,系统集成,天眼查补录30家,4,4.0,4.0,3.0,2024.0,2024.0,1.0,0.1429,0.0,信用代码直连,否,13362.0,138363.0,388592.0,,970.0,47.88,13396.0,9330.0,158062.0
佛山顺德光启尖端装备有限公司,佛山顺德光启尖端装备有限公司,91440606MA531XDX75,中游,产业运营类,有限责任公司（非自然人投资或控股的法人独资）,是,来自有专利企业清单,佛山市,顺德区,440600,广东省,佛山市,广东省佛山市顺德区杏坛镇顺业西路17号,广东省佛山市顺德区杏坛镇顺业西路,广东省,佛山市,顺德区,440606.0,113.200811,22.754777,2019-03-26,,一般项目：电子产品销售；玻璃纤维增强塑料制品制造；玻璃纤维增强塑料制品销售；合成材料制造（不含危险化学品）；合成材料销售；工程和技术研究和试验发展；特种设备出租；机械设备租赁；仓储设备租赁服务；非居住房地产租赁；高性能纤维及复合材料销售；高性能纤维及复合材料制造；新材料技术研发；金属结构制造；玻璃纤维及制品制造；船用配套设备制造；通信设备制造；移动终端设备制造；雷达及配套设备制造；其他电子器件制造；电子专用材料制造；电子元器件制造；电子（气）物理设备及其他电子设备制造。（除依法须经批准的项目外，凭营业执照依法自主开展经营活动）许可项目：民用航空器零部件设计和生产；非金属船舶制造。（依法须经批准的项目，经相关部门批准后方可开展经营活动，具体经营项目以相关部门批准文件或许可证件为准）,航空、航空器,天眼查补录30家,4,4.0,0.0,4.0,2016.0,2017.0,2.0,0.3333,0.0,信用代码直连,否,13362.0,138363.0,388592.0,,970.0,47.88,13396.0,9330.0,158062.0
珠海安擎科技有限公司,珠海安擎科技有限公司,91440402MA7F2J5E28,中游,服务平台类,其他有限责任公司,是,来自有专利企业清单,珠海市,香洲区,440400,广东省,珠海市,珠海市香洲区旅游路168号（梅溪商业广场B座）云溪谷数字产业园5层5-214（集中办公区）,广东省珠海市香洲区旅游路168号梅溪商业广场,广东省,珠海市,香洲区,440402.0,113.513212,22.281761,2022-01-14,,一般项目：智能无人飞行器制造；智能无人飞行器销售；人工智能应用软件开发；软件开发；软件销售；信息系统集成服务；人工智能行业应用系统集成服务；互联网数据服务；数据处理服务；计算机软硬件及外围设备制造；电子元器件制造；电子元器件批发；物联网设备制造；物联网设备销售；业务培训（不含教育培训、职业技能培训等需取得许可的培训）；技术服务、技术开发、技术咨询、技术交流、技术转让、技术推广；技术进出口；租赁服务（不含许可类租赁服务）。（除依法须经批准的项目外，凭营业执照依法自主开展经营活动）许可项目：测绘服务。（依法须经批准的项目，经相关部门批准后方可开展经营活动，具体经营项目以相关部门批准，文件或许可证件为准）,飞行器、智能无人飞行器、测绘、系统集成,天眼查补录30家,4,4.0,4.0,4.0,2022.0,2024.0,2.0,0.6667,0.0,信用代码直连,是,4479.0,178712.0,465340.0,,252.0,55.83,11527.0,2974.0,536200.0
顺丰科技有限公司,顺丰科技有限公司,91440300687582704U,中游,服务平台类,有限责任公司（法人独资）,是,来自有专利企业清单,深圳市,南山区,440300,广东省,深圳市,深圳市南山区学府路（以南）与白石路（以东）交汇处深圳市软件产业基地1栋B座6-13层,广东省深圳市南山区学府路与白石路深圳市软件产业基地1栋b座,广东省,深圳市,南山区,440305.0,113.940283,22.524455,2009-04-07,深圳市泰海科技有限公司,一般经营项目：从事网络技术、信息技术、电子产品技术的开发、技术服务、技术咨询、技术转让；计算机硬件开发与销售；企业形象策划、信息咨询;无人机研发、销售、租赁（不含限制项目），经营进出口业务；从事计算机软硬件的技术开发、销售自行开发的软件；计算机技术服务及信息咨询；计算机硬件的研发、销售；电子产品设计；运输设备、自动化设备、物流业设备、分拣设备、传输设备、数据通信设备、无线通信设备，微电子产品，系统集成工程，计算机及配套设备、终端设备及相关的设备的技术开发、销售及上门维修、技术咨询；房屋租赁；企业管理咨询；安检设备销售、租赁（以上根据法律、行政法规、国务院决定等规定需要审批的，依法取得相关审批文件后方可经营）。机械设备租赁；仓储设备租赁服务。道路货物运输站经营；货物进出口；技术进出口。（除依法须经批准的项目外，凭营业执照依法自主开展经营活动）许可经营项目：运输设备，自动化设备，分拣设备，物流业设备，传输设备，数据通信设备、无线通信设备，微电子产品，系统集成工程，计算机及配套设备，终端设备及相关的设备的生产。经营增值电信业务。（依法须经批准的项目，经相关部门批准后方可开展经营活动，具体经营项目以相关部门批准文件或许可证件为准）,无人机、系统集成,天眼查补录30家,4,4.0,3.0,4.0,2020.0,2022.0,2.0,0.125,0.0,信用代码直连,否,36802.0,205714.0,4333783.0,,1799.0,62.13,74675.0,25700.0,16055424.0
珠海天晴航空航天科技有限公司,珠海天晴航空航天科技有限公司,91440400MA4UQCBU13,中游,服务平台类,有限责任公司(自然人投资或控股),是,来自有专利企业清单,珠海市,金湾区,440400,广东省,珠海市,珠海市金湾区红旗镇珠海大道6898号3#厂房1层102室,广东省珠海市金湾区红旗镇珠海大道6898号,广东省,珠海市,金湾区,440404.0,113.32451,22.112447,2016-06-06,-,许可项目：民用航空器零部件制造；民用航空器（发动机、螺旋桨）生产；货物进出口；火箭控制系统研发；火箭发动机研发与制造；火箭发射设备研发和制造。（依法须经批准的项目，经相关部门批准后方可开展经营活动，具体经营项目以相关部门批准文件或许可证件为准）一般项目：民用航空材料销售；智能无人飞行器制造；智能无人飞行器销售；软件开发；软件销售；电子元器件与机电组件设备制造；电子元器件与机电组件设备销售；电气信号设备装置制造；电气信号设备装置销售；通信设备制造；通信设备销售；技术服务、技术开发、技术咨询、技术交流、技术转让、技术推广；智能控制系统集成；电机及其控制系统研发。（除依法须经批准的项目外，凭营业执照依法自主开展经营活动）,飞行器、航空、航天、智能无人飞行器、航空器,天眼查关键词企业,2,2.0,0.0,2.0,2017.0,2017.0,1.0,0.1111,0.0,信用代码直连,否,4479.0,178712.0,465340.0,,252.0,55.83,11527.0,2974.0,536200.0
广东新禾智慧数字科技有限公司,广东新禾智慧数字科技有限公司,914401065937484197,中游,产业运营类,有限责任公司(自然人投资或控股),是,来自有专利企业清单,广州市,黄埔区,440100,广东省,广州市,广州市黄埔区科学大道237号401,广东省广州市黄埔区科学大道237号,广东省,广州市,黄埔区,440112.0,113.456988,23.172135,2012-05-07,广东新禾道信息科技有限公司，广州新禾道信息科技有限公司,工程和技术研究和试验发展;自然科学研究和试验发展;地理遥感信息服务;大数据服务;软件开发;信息系统集成服务;数据处理和存储支持服务;软件外包服务;网络与信息安全软件开发;安全技术防范系统设计施工服务;导航、测绘、气象及海洋专用仪器销售;卫星遥感数据处理;卫星遥感应用系统集成;计算机软硬件及辅助设备零售;物联网技术研发;人工智能应用软件开发;计算机系统服务;信息技术咨询服务;信息系统运行维护服务;物联网技术服务;卫星技术综合应用系统集成;卫星导航多模增强应用服务系统集成;智能控制系统集成;数字文化创意软件开发;与农业生产经营有关的技术、信息、设施建设运营等服务;网络技术服务;数字内容制作服务（不含出版发行）;人工智能行业应用系统集成服务;人工智能通用应用系统;人工智能基础资源与技术平台;物联网应用服务;区块链技术相关软件和服务;互联网安全服务;数据处理服务;互联网数据服务;计量服务;生态资源监测;规划设计管理;地质勘查技术服务;气象观测服务;气象信息服务;海洋服务;海洋环境服务;技术服务、技术开发、技术咨询、技术交流、技术转让、技术推广;科技中介服务;新材料技术推广服务;科普宣传服务;自然生态系统保护管理;生态保护区管理服务;大气环境污染防治服务;土壤污染治理与修复服务;土壤环境污染防治服务;农业面源和重金属污染防治技术服务;环境应急治理服务;环境卫生公共设施安装服务;消防技术服务;城市公园管理;城乡市容管理;环境卫生管理（不含环境质量监测，污染源检查，城市生活垃圾、建筑垃圾、餐厨垃圾的处置服务）;森林公园管理;水资源管理;游览景区管理;城市绿化管理;水利情报收集服务;会议及展览服务;包装服务;图文设计制作;打字复印;项目策划与公关服务;社会调查（不含涉外调查）;市场调查（不含涉外调查）;信息咨询服务（不含许可类信息咨询服务）;社会经济咨询服务;环保咨询服务;仪器仪表销售;办公设备销售;电子产品销售;地质勘探和地震专用仪器销售;导航终端销售;集成电路销售;计算器设备销售;软件销售;信息安全设备销售;网络设备销售;卫星移动通信终端销售;智能无人飞行器制造;智能无人飞行器销售;通信设备销售;通信设备制造;农业机械服务;林业机械服务;农业生产托管服务;渔业机械服务;农作物病虫害防治服务;森林防火服务;林业有害生物防治服务;雷达及配套设备制造;智能车载设备制造;智能车载设备销售;智能物料搬运装备销售;物料搬运装备制造;数字文化创意技术装备销售;虚拟现实设备制造;业务培训（不含教育培训、职业技能培训等需取得许可的培训）;数字技术服务;云计算设备制造;云计算设备销售;安全系统监控服务;互联网设备销售;物联网设备销售;数字家庭产品制造;信息安全设备制造;光学仪器销售;房地产评估;企业形象策划;安全咨询服务;社会稳定风险评估;计算机及办公设备维修;3D打印服务;广告设计、代理;广告制作;水污染治理;大气污染治理;噪声与振动控制服务;光污染治理服务;室内空气污染治理;承接档案服务外包;测绘服务;国土空间规划编制;,飞行器、智能无人飞行器、测绘、遥感、系统集成,天眼查关键词企业,1,1.0,1.0,1.0,2024.0,2024.0,1.0,0.0769,0.0,当前权利人代码直连,是,31033.0,164171.0,1496572.0,,1898.0,73.66,37934.0,13727.0,10031665.0
深圳市智源万联科技有限公司,深圳市智源万联科技有限公司,91440300MADFQJH81G,中游,服务平台类,有限责任公司,是,来自有专利企业清单,深圳市,南山区,440300,广东省,深圳市,深圳市南山区粤海街道科技园社区科苑路11号金融科技大厦23-A04,广东省深圳市南山区粤海街道科技园社区居委会科丰路11号金融科技大厦,广东省,深圳市,南山区,440305.0,113.944647,22.546097,2024-04-12,-,人工智能理论与算法软件开发；人工智能应用软件开发；人工智能行业应用系统集成服务；人工智能公共数据平台；人工智能通用应用系统；人工智能基础资源与技术平台；人工智能公共服务平台技术咨询服务；信息系统集成服务；工业设计服务；科技中介服务；物联网技术研发；物联网技术服务；信息技术咨询服务；软件开发；技术服务、技术开发、技术咨询、技术交流、技术转让、技术推广；自费出国留学中介服务；教育咨询服务（不含涉许可审批的教育培训活动）；招生辅助服务；业务培训（不含教育培训、职业技能培训等需取得许可的培训）；信息咨询服务（不含许可类信息咨询服务）；咨询策划服务；摄像及视频制作服务；数字内容制作服务（不含出版发行）；互联网销售（除销售需要许可的商品）。（除依法须经批准的项目外，凭营业执照依法自主开展经营活动）无,系统集成,天眼查关键词企业,1,1.0,1.0,1.0,2024.0,2024.0,1.0,1.0,0.0,信用代码直连,否,36802.0,205714.0,4333783.0,,1799.0,62.13,74675.0,25700.0,16055424.0
